<?xml version="1.0" encoding="UTF-8"?>
<project-private xmlns="http://www.netbeans.org/ns/project-private/1">
    <editor-bookmarks xmlns="http://www.netbeans.org/ns/editor-bookmarks/2" lastBookmarkId="0"/>
    <open-files xmlns="http://www.netbeans.org/ns/projectui-open-files/2">
        <group>
            <file>file:/D:/Entregas/2023/11%20Noviembre/14/ControlCitas/src/com/project/controlcitas/DAO/CitaDAO.java</file>
            <file>file:/D:/Entregas/2023/11%20Noviembre/14/ControlCitas/src/com/project/controlcitas/GUI/FrmCitas.java</file>
            <file>file:/D:/Entregas/2023/11%20Noviembre/14/ControlCitas/src/com/project/controlcitas/BLL/CitaBLL.java</file>
            <file>file:/D:/Entregas/2023/11%20Noviembre/14/ControlCitas/src/com/project/controlcitas/utils/Utils.java</file>
            <file>file:/D:/Entregas/2023/11%20Noviembre/14/ControlCitas/src/com/project/controlcitas/DTO/Cita.java</file>
        </group>
    </open-files>
</project-private>
